-- phpMyAdmin SQL Dump
-- version 5.2.1
-- https://www.phpmyadmin.net/
--
-- Host: 127.0.0.1
-- Tempo de geração: 23-Abr-2025 às 01:38
-- Versão do servidor: 10.5.28-MariaDB
-- versão do PHP: 8.2.12

SET SQL_MODE = "NO_AUTO_VALUE_ON_ZERO";
START TRANSACTION;
SET time_zone = "+00:00";


/*!40101 SET @OLD_CHARACTER_SET_CLIENT=@@CHARACTER_SET_CLIENT */;
/*!40101 SET @OLD_CHARACTER_SET_RESULTS=@@CHARACTER_SET_RESULTS */;
/*!40101 SET @OLD_COLLATION_CONNECTION=@@COLLATION_CONNECTION */;
/*!40101 SET NAMES utf8mb4 */;

--
-- Banco de dados: `zzz_calculator`
--

-- --------------------------------------------------------

--
-- Estrutura da tabela `agentinfo`
--

CREATE TABLE `agentinfo` (
  `id` int(11) NOT NULL,
  `name` varchar(255) DEFAULT NULL,
  `nickname` varchar(255) DEFAULT NULL,
  `tier` enum('A','S') DEFAULT NULL,
  `faction_id` int(11) DEFAULT NULL,
  `element_id` int(11) DEFAULT NULL,
  `type_id` int(11) DEFAULT NULL
) ENGINE=InnoDB DEFAULT CHARSET=utf8mb4 COLLATE=utf8mb4_general_ci;

--
-- Extraindo dados da tabela `agentinfo`
--

INSERT INTO `agentinfo` (`id`, `name`, `nickname`, `tier`, `faction_id`, `element_id`, `type_id`) VALUES
(1, 'Hoshimi Miyabi', 'Miyabi', 'S', 7, 6, 1),
(2, 'Nicole Demara', 'Nicole', 'A', 1, 5, 3),
(3, 'Anby Demara', 'Anby', 'A', 1, 2, 5),
(4, 'Astra Yao', 'Astra', 'S', 8, 5, 3),
(5, 'Ellen Joe', 'Ellen', 'S', 3, 4, 2),
(6, 'Ben Bigger', 'Ben', 'A', 2, 3, 4),
(7, 'Jane Doe', 'Jane', 'S', 5, 1, 1),
(8, 'Luciana de Montefio', 'Lucy', 'A', 6, 3, 3),
(13, 'Billy Kid', 'Billy', 'A', 1, 1, 2),
(14, 'Burnice White', 'Burnice', 'S', 6, 3, 1),
(15, 'Caesar King', 'Caesar', 'S', 6, 1, 4),
(16, 'Corin Wickes', 'Corin', 'A', 3, 1, 2),
(17, 'Grace Howard', 'Grace', 'S', 2, 2, 1),
(18, 'Koleda Belobog', 'Koleda', 'S', 2, 3, 5),
(19, 'Lighter', 'Lighter', 'S', 6, 3, 5),
(20, 'Von Lycaon', 'Lycaon', 'S', 3, 4, 5),
(21, 'Nekomiya Mana', 'Nekomata', 'S', 1, 1, 2),
(22, 'Piper Wheel', 'Piper', 'A', 6, 1, 1),
(23, 'Qingyi', 'Qingyi', 'S', 5, 2, 5),
(24, 'Alexandrina Sebastiane', 'Rina', 'S', 3, 2, 3),
(25, 'Seth Lowell', 'Seth', 'A', 5, 2, 4),
(26, 'Soldier 11', 'Soldier 11', 'S', 4, 3, 2),
(27, 'Soukaku', 'Soukaku', 'A', 7, 4, 3),
(28, 'Tsukishiro Yanagi', 'Yanagi', 'S', 7, 2, 1),
(29, 'Zhu Yuan', 'Zhu Yuan', 'S', 5, 5, 2),
(30, 'Asaba Harumasa', 'Harumasa', 'S', 7, 2, 2),
(31, 'Evelyn Chevalier', 'Evelyn', 'S', 8, 3, 2),
(32, 'Anton Ivanov', 'Anton', 'A', 2, 2, 2),
(33, 'Soldier 0 - Anby', 'Soldier 0 - Anby', 'S', 9, 2, 2),
(34, 'Pulchra Fellini', 'Pulchra', 'A', 6, 1, 5),
(35, 'Trigger', 'Trigger', 'S', 4, 2, 5);

-- --------------------------------------------------------

--
-- Estrutura stand-in para vista `agents`
-- (Veja abaixo para a view atual)
--
CREATE TABLE `agents` (
`id` int(11)
,`name` varchar(255)
,`nickname` varchar(255)
,`tier` enum('A','S')
,`faction` varchar(255)
,`element` varchar(255)
,`type` varchar(255)
,`promotion_level` enum('0','1','2','3','4','5')
,`agent_level` enum('1','10','20','30','40','50','60')
,`health_point` int(11)
,`attack` int(11)
,`defense` int(11)
,`impact` int(11)
,`crit_rate` float
,`crit_damage` float
,`anomaly_mastery` int(11)
,`anomaly_proficiency` int(11)
,`penetration_ratio` float
,`penetration` float
,`energy_regen` float
);

-- --------------------------------------------------------

--
-- Estrutura da tabela `agentstats`
--

CREATE TABLE `agentstats` (
  `id` int(11) NOT NULL,
  `health_point` int(11) DEFAULT NULL,
  `attack` int(11) DEFAULT NULL,
  `defense` int(11) DEFAULT NULL,
  `impact` int(11) DEFAULT NULL,
  `crit_rate` float DEFAULT NULL,
  `crit_damage` float DEFAULT NULL,
  `anomaly_mastery` int(11) DEFAULT NULL,
  `anomaly_proficiency` int(11) DEFAULT NULL,
  `penetration_ratio` float DEFAULT NULL,
  `penetration` float DEFAULT NULL,
  `energy_regen` float DEFAULT NULL
) ENGINE=InnoDB DEFAULT CHARSET=utf8mb4 COLLATE=utf8mb4_general_ci;

--
-- Extraindo dados da tabela `agentstats`
--

INSERT INTO `agentstats` (`id`, `health_point`, `attack`, `defense`, `impact`, `crit_rate`, `crit_damage`, `anomaly_mastery`, `anomaly_proficiency`, `penetration_ratio`, `penetration`, `energy_regen`) VALUES
(87, 617, 127, 49, 86, 5, 50, 116, 148, 0, 0, 1.2),
(88, 1370, 196, 108, 86, 5, 50, 116, 148, 0, 0, 1.2),
(89, 1793, 241, 141, 86, 5, 50, 116, 148, 0, 0, 1.2),
(90, 2630, 317, 207, 86, 5, 50, 116, 148, 0, 0, 1.2),
(91, 3054, 362, 241, 86, 5, 50, 116, 148, 0, 0, 1.2),
(92, 3891, 439, 307, 86, 5, 50, 116, 148, 0, 0, 1.2),
(93, 4314, 485, 340, 86, 5, 50, 116, 148, 0, 0, 1.2),
(94, 5152, 562, 407, 86, 5, 50, 116, 148, 0, 0, 1.2),
(95, 5576, 607, 441, 86, 5, 50, 116, 148, 0, 0, 1.2),
(96, 6413, 683, 507, 86, 5, 50, 116, 148, 0, 0, 1.2),
(97, 6836, 728, 540, 86, 5, 50, 116, 148, 0, 0, 1.2),
(98, 7673, 805, 606, 86, 5, 50, 116, 148, 0, 0, 1.2),
(99, 655, 93, 50, 8, 5, 50, 93, 90, 0, 0, 1.2),
(100, 1454, 140, 111, 8, 5, 50, 93, 90, 0, 0, 1.2),
(101, 1903, 173, 145, 8, 5, 50, 93, 90, 0, 0, 1.2),
(102, 2792, 227, 213, 8, 5, 50, 93, 90, 0, 0, 1.2),
(103, 3242, 261, 248, 8, 5, 50, 93, 90, 0, 0, 1.2),
(104, 4131, 314, 315, 8, 5, 50, 93, 90, 0, 0, 1.2),
(105, 4580, 347, 349, 8, 5, 50, 93, 90, 0, 0, 1.2),
(106, 5469, 400, 417, 8, 5, 50, 93, 90, 0, 0, 1.2),
(107, 5919, 433, 451, 8, 5, 50, 93, 90, 0, 0, 1.2),
(108, 6808, 486, 519, 8, 5, 50, 93, 90, 0, 0, 1.2),
(109, 7257, 520, 554, 8, 5, 50, 93, 90, 0, 0, 1.2),
(110, 8145, 574, 622, 8, 5, 50, 93, 90, 0, 0, 1.2),
(111, 603, 95, 49, 118, 5, 50, 93, 94, 0, 0, 1.2),
(112, 1339, 143, 109, 118, 5, 50, 93, 94, 0, 0, 1.2),
(113, 1753, 177, 143, 118, 5, 50, 93, 94, 0, 0, 1.2),
(114, 2572, 232, 210, 118, 5, 50, 93, 94, 0, 0, 1.2),
(115, 2986, 266, 244, 118, 5, 50, 93, 94, 0, 0, 1.2),
(116, 3804, 320, 310, 118, 5, 50, 93, 94, 0, 0, 1.2),
(117, 4218, 354, 343, 118, 5, 50, 93, 94, 0, 0, 1.2),
(118, 5036, 408, 410, 118, 5, 50, 93, 94, 0, 0, 1.2),
(119, 5450, 441, 444, 118, 5, 50, 93, 94, 0, 0, 1.2),
(120, 6269, 495, 511, 118, 5, 50, 93, 94, 0, 0, 1.2),
(121, 6682, 529, 545, 118, 5, 50, 93, 94, 0, 0, 1.2),
(122, 7500, 583, 612, 118, 5, 50, 93, 94, 0, 0, 1.2),
(123, 692, 103, 48, 83, 5, 50, 93, 92, 0, 0, 1.2),
(124, 1537, 156, 106, 83, 5, 50, 93, 92, 0, 0, 1.2),
(125, 2012, 193, 139, 83, 5, 50, 93, 92, 0, 0, 1.2),
(126, 2951, 253, 205, 83, 5, 50, 93, 92, 0, 0, 1.2),
(127, 3426, 290, 238, 83, 5, 50, 93, 92, 0, 0, 1.2),
(128, 4366, 350, 304, 83, 5, 50, 93, 92, 0, 0, 1.2),
(129, 4841, 386, 337, 83, 5, 50, 93, 92, 0, 0, 1.2),
(130, 5780, 446, 402, 83, 5, 50, 93, 92, 0, 0, 1.2),
(131, 6255, 483, 436, 83, 5, 50, 93, 92, 0, 0, 1.2),
(132, 7194, 543, 502, 83, 5, 50, 93, 92, 0, 0, 1.2),
(133, 7669, 580, 535, 83, 5, 50, 93, 92, 0, 0, 1.2),
(134, 8609, 640, 600, 83, 5, 50, 93, 92, 0, 0, 1.2),
(135, 617, 135, 49, 93, 5, 50, 93, 94, 0, 0, 1.2),
(136, 1370, 209, 108, 93, 5, 50, 93, 94, 0, 0, 1.2),
(137, 1793, 257, 141, 93, 5, 50, 93, 94, 0, 0, 1.2),
(138, 2630, 339, 207, 93, 5, 50, 93, 94, 0, 0, 1.2),
(139, 3054, 387, 241, 93, 5, 50, 93, 94, 0, 0, 1.2),
(140, 3891, 470, 307, 93, 5, 50, 93, 94, 0, 0, 1.2),
(141, 4314, 519, 340, 93, 5, 50, 93, 94, 0, 0, 1.2),
(142, 5152, 602, 407, 93, 5, 50, 93, 94, 0, 0, 1.2),
(143, 5576, 650, 441, 93, 5, 50, 93, 94, 0, 0, 1.2),
(144, 6413, 732, 507, 93, 5, 50, 93, 94, 0, 0, 1.2),
(145, 6836, 780, 540, 93, 5, 50, 93, 94, 0, 0, 1.2),
(146, 7673, 863, 606, 93, 5, 50, 93, 94, 0, 0, 1.2),
(147, 690, 94, 58, 95, 5, 50, 90, 86, 0, 0, 1.2),
(148, 1532, 142, 129, 95, 5, 50, 90, 86, 0, 0, 1.2),
(149, 2005, 176, 169, 95, 5, 50, 90, 86, 0, 0, 1.2),
(150, 2941, 229, 248, 95, 5, 50, 90, 86, 0, 0, 1.2),
(151, 3415, 262, 288, 95, 5, 50, 90, 86, 0, 0, 1.2),
(152, 4350, 316, 367, 95, 5, 50, 90, 86, 0, 0, 1.2),
(153, 4823, 350, 407, 95, 5, 50, 90, 86, 0, 0, 1.2),
(154, 5759, 403, 486, 95, 5, 50, 90, 86, 0, 0, 1.2),
(155, 6232, 436, 526, 95, 5, 50, 90, 86, 0, 0, 1.2),
(156, 7168, 490, 605, 95, 5, 50, 90, 86, 0, 0, 1.2),
(157, 7641, 524, 645, 95, 5, 50, 90, 86, 0, 0, 1.2),
(158, 8577, 578, 724, 95, 5, 50, 90, 86, 0, 0, 1.2),
(159, 626, 127, 49, 86, 5, 50, 114, 112, 0, 0, 1.2),
(160, 1390, 196, 108, 86, 5, 50, 114, 112, 0, 0, 1.2),
(161, 1820, 241, 141, 86, 5, 50, 114, 112, 0, 0, 1.2),
(162, 2670, 317, 207, 86, 5, 50, 114, 112, 0, 0, 1.2),
(163, 3099, 362, 241, 86, 5, 50, 114, 112, 0, 0, 1.2),
(164, 3949, 439, 307, 86, 5, 50, 114, 112, 0, 0, 1.2),
(165, 4379, 485, 340, 86, 5, 50, 114, 112, 0, 0, 1.2),
(166, 5229, 562, 407, 86, 5, 50, 114, 112, 0, 0, 1.2),
(167, 5659, 607, 441, 86, 5, 50, 114, 112, 0, 0, 1.2),
(168, 6508, 683, 507, 86, 5, 50, 114, 112, 0, 0, 1.2),
(169, 6938, 728, 540, 86, 5, 50, 114, 112, 0, 0, 1.2),
(170, 7788, 805, 606, 86, 5, 50, 114, 112, 0, 0, 1.2),
(171, 645, 95, 49, 86, 5, 50, 93, 94, 0, 0, 1.2),
(172, 1433, 143, 109, 86, 5, 50, 93, 94, 0, 0, 1.2),
(173, 1876, 177, 143, 86, 5, 50, 93, 94, 0, 0, 1.2),
(174, 2751, 232, 210, 86, 5, 50, 93, 94, 0, 0, 1.2),
(175, 3194, 266, 244, 86, 5, 50, 93, 94, 0, 0, 1.2),
(176, 4070, 320, 310, 86, 5, 50, 93, 94, 0, 0, 1.2),
(177, 4513, 354, 343, 86, 5, 50, 93, 94, 0, 0, 1.2),
(178, 5389, 408, 410, 86, 5, 50, 93, 94, 0, 0, 1.2),
(179, 5832, 441, 444, 86, 5, 50, 93, 94, 0, 0, 1.2),
(180, 6708, 495, 511, 86, 5, 50, 93, 94, 0, 0, 1.2),
(181, 7150, 529, 545, 86, 5, 50, 93, 94, 0, 0, 1.2),
(182, 8025, 583, 612, 86, 5, 50, 93, 94, 0, 0, 1.2),
(183, 555, 113, 49, 91, 5, 50, 91, 92, 0, 0, 1.2),
(184, 1233, 173, 108, 91, 5, 50, 91, 92, 0, 0, 1.2),
(185, 1614, 213, 141, 91, 5, 50, 91, 92, 0, 0, 1.2),
(186, 2367, 280, 207, 91, 5, 50, 91, 92, 0, 0, 1.2),
(187, 2748, 321, 241, 91, 5, 50, 91, 92, 0, 0, 1.2),
(188, 3502, 389, 307, 91, 5, 50, 91, 92, 0, 0, 1.2),
(189, 3883, 429, 340, 91, 5, 50, 91, 92, 0, 0, 1.2),
(190, 4637, 496, 407, 91, 5, 50, 91, 92, 0, 0, 1.2),
(191, 5018, 537, 441, 91, 5, 50, 91, 92, 0, 0, 1.2),
(192, 5771, 604, 507, 91, 5, 50, 91, 92, 0, 0, 1.2),
(193, 6153, 644, 540, 91, 5, 50, 91, 92, 0, 0, 1.2),
(194, 6907, 712, 606, 91, 5, 50, 91, 92, 0, 0, 1.2),
(195, 592, 124, 48, 83, 5, 50, 118, 120, 0, 0, 1.2),
(196, 1315, 191, 106, 83, 5, 50, 118, 120, 0, 0, 1.2),
(197, 1722, 235, 139, 83, 5, 50, 118, 120, 0, 0, 1.2),
(198, 2526, 310, 205, 83, 5, 50, 118, 120, 0, 0, 1.2),
(199, 2932, 355, 238, 83, 5, 50, 118, 120, 0, 0, 1.2),
(200, 3736, 430, 304, 83, 5, 50, 118, 120, 0, 0, 1.2),
(201, 4143, 474, 337, 83, 5, 50, 118, 120, 0, 0, 1.2),
(202, 4947, 549, 402, 83, 5, 50, 118, 120, 0, 0, 1.2),
(203, 5353, 593, 436, 83, 5, 50, 118, 120, 0, 0, 1.2),
(204, 6157, 668, 502, 83, 5, 50, 118, 120, 0, 0, 1.2),
(205, 6564, 713, 535, 83, 5, 50, 118, 120, 0, 0, 1.2),
(206, 7368, 788, 600, 83, 5, 50, 118, 120, 0, 0, 1.2),
(207, 766, 101, 61, 105, 5, 50, 87, 90, 0, 0, 1.2),
(208, 1701, 153, 134, 105, 5, 50, 87, 90, 0, 0, 1.2),
(209, 2227, 191, 176, 105, 5, 50, 87, 90, 0, 0, 1.2),
(210, 3266, 250, 259, 105, 5, 50, 87, 90, 0, 0, 1.2),
(211, 3791, 288, 300, 105, 5, 50, 87, 90, 0, 0, 1.2),
(212, 4831, 347, 382, 105, 5, 50, 87, 90, 0, 0, 1.2),
(213, 5357, 384, 424, 105, 5, 50, 87, 90, 0, 0, 1.2),
(214, 6396, 443, 506, 105, 5, 50, 87, 90, 0, 0, 1.2),
(215, 6921, 481, 547, 105, 5, 50, 87, 90, 0, 0, 1.2),
(216, 7960, 539, 629, 105, 5, 50, 87, 90, 0, 0, 1.2),
(217, 8486, 577, 671, 105, 5, 50, 87, 90, 0, 0, 1.2),
(218, 9526, 636, 753, 105, 5, 50, 87, 90, 0, 0, 1.2),
(219, 561, 116, 49, 93, 5, 50, 96, 93, 0, 0, 1.2),
(220, 1246, 178, 108, 93, 5, 50, 96, 93, 0, 0, 1.2),
(221, 1631, 219, 141, 93, 5, 50, 96, 93, 0, 0, 1.2),
(222, 2392, 288, 207, 93, 5, 50, 96, 93, 0, 0, 1.2),
(223, 2777, 330, 241, 93, 5, 50, 96, 93, 0, 0, 1.2),
(224, 3538, 400, 307, 93, 5, 50, 96, 93, 0, 0, 1.2),
(225, 3923, 441, 340, 93, 5, 50, 96, 93, 0, 0, 1.2),
(226, 4684, 510, 405, 93, 5, 50, 96, 93, 0, 0, 1.2),
(227, 5069, 552, 438, 93, 5, 50, 96, 93, 0, 0, 1.2),
(228, 5830, 621, 504, 93, 5, 50, 96, 93, 0, 0, 1.2),
(229, 6215, 662, 538, 93, 5, 50, 96, 93, 0, 0, 1.2),
(230, 6976, 732, 604, 93, 5, 50, 96, 93, 0, 0, 1.2),
(231, 602, 119, 48, 83, 5, 50, 136, 115, 0, 0, 1.2),
(232, 1336, 183, 106, 83, 5, 50, 136, 115, 0, 0, 1.2),
(233, 1749, 225, 139, 83, 5, 50, 136, 115, 0, 0, 1.2),
(234, 2566, 296, 205, 83, 5, 50, 136, 115, 0, 0, 1.2),
(235, 2979, 339, 238, 83, 5, 50, 136, 115, 0, 0, 1.2),
(236, 3795, 410, 304, 83, 5, 50, 136, 115, 0, 0, 1.2),
(237, 4208, 452, 337, 83, 5, 50, 136, 115, 0, 0, 1.2),
(238, 5024, 523, 402, 83, 5, 50, 136, 115, 0, 0, 1.2),
(239, 5436, 566, 436, 83, 5, 50, 136, 115, 0, 0, 1.2),
(240, 6253, 637, 502, 83, 5, 50, 136, 115, 0, 0, 1.2),
(241, 6666, 679, 535, 83, 5, 50, 136, 115, 0, 0, 1.2),
(242, 7482, 750, 600, 83, 5, 50, 136, 115, 0, 0, 1.2),
(243, 653, 106, 48, 116, 5, 50, 96, 97, 0, 0, 1.2),
(244, 1451, 161, 106, 116, 5, 50, 96, 97, 0, 0, 1.2),
(245, 1899, 199, 139, 116, 5, 50, 96, 97, 0, 0, 1.2),
(246, 2785, 261, 204, 116, 5, 50, 96, 97, 0, 0, 1.2),
(247, 3234, 299, 237, 116, 5, 50, 96, 97, 0, 0, 1.2),
(248, 4121, 361, 302, 116, 5, 50, 96, 97, 0, 0, 1.2),
(249, 4569, 398, 334, 116, 5, 50, 96, 97, 0, 0, 1.2),
(250, 5456, 460, 398, 116, 5, 50, 96, 97, 0, 0, 1.2),
(251, 5905, 498, 431, 116, 5, 50, 96, 97, 0, 0, 1.2),
(252, 6792, 560, 496, 116, 5, 50, 96, 97, 0, 0, 1.2),
(253, 7240, 598, 529, 116, 5, 50, 96, 97, 0, 0, 1.2),
(254, 8127, 660, 594, 116, 5, 50, 96, 97, 0, 0, 1.2),
(255, 677, 109, 49, 119, 5, 50, 91, 90, 0, 0, 1.2),
(256, 1503, 166, 109, 119, 5, 50, 91, 90, 0, 0, 1.2),
(257, 1935, 213, 143, 119, 5, 50, 91, 90, 0, 0, 1.2),
(258, 2853, 277, 210, 119, 5, 50, 91, 90, 0, 0, 1.2),
(259, 3285, 325, 244, 119, 5, 50, 91, 90, 0, 0, 1.2),
(260, 4203, 389, 310, 119, 5, 50, 91, 90, 0, 0, 1.2),
(261, 4635, 436, 343, 119, 5, 50, 91, 90, 0, 0, 1.2),
(262, 5553, 500, 410, 119, 5, 50, 91, 90, 0, 0, 1.2),
(263, 5984, 548, 444, 119, 5, 50, 91, 90, 0, 0, 1.2),
(264, 6903, 612, 511, 119, 5, 50, 91, 90, 0, 0, 1.2),
(265, 7335, 659, 545, 119, 5, 50, 91, 90, 0, 0, 1.2),
(266, 8253, 722, 612, 119, 5, 50, 91, 90, 0, 0, 1.2),
(267, 677, 105, 49, 119, 5, 50, 90, 91, 0, 0, 1.2),
(268, 1503, 160, 108, 119, 5, 50, 90, 91, 0, 0, 1.2),
(269, 1967, 197, 141, 119, 5, 50, 90, 91, 0, 0, 1.2),
(270, 2885, 258, 207, 119, 5, 50, 90, 91, 0, 0, 1.2),
(271, 3350, 296, 241, 119, 5, 50, 90, 91, 0, 0, 1.2),
(272, 4268, 357, 307, 119, 5, 50, 90, 91, 0, 0, 1.2),
(273, 4732, 394, 340, 119, 5, 50, 90, 91, 0, 0, 1.2),
(274, 5650, 456, 407, 119, 5, 50, 90, 91, 0, 0, 1.2),
(275, 6114, 494, 441, 119, 5, 50, 90, 91, 0, 0, 1.2),
(276, 7033, 555, 507, 119, 5, 50, 90, 91, 0, 0, 1.2),
(277, 7498, 592, 540, 119, 5, 50, 90, 91, 0, 0, 1.2),
(278, 8416, 653, 606, 119, 5, 50, 90, 91, 0, 0, 1.2),
(279, 608, 131, 47, 92, 5, 50, 96, 97, 0, 0, 1.2),
(280, 1350, 202, 104, 92, 5, 50, 96, 97, 0, 0, 1.2),
(281, 1767, 249, 136, 92, 5, 50, 96, 97, 0, 0, 1.2),
(282, 2592, 329, 200, 92, 5, 50, 96, 97, 0, 0, 1.2),
(283, 3009, 376, 233, 92, 5, 50, 96, 97, 0, 0, 1.2),
(284, 3833, 456, 298, 92, 5, 50, 96, 97, 0, 0, 1.2),
(285, 4250, 502, 330, 92, 5, 50, 96, 97, 0, 0, 1.2),
(286, 5075, 582, 394, 92, 5, 50, 96, 97, 0, 0, 1.2),
(287, 5492, 629, 427, 92, 5, 50, 96, 97, 0, 0, 1.2),
(288, 6317, 708, 491, 92, 5, 50, 96, 97, 0, 0, 1.2),
(289, 6735, 755, 523, 92, 5, 50, 96, 97, 0, 0, 1.2),
(290, 7560, 835, 587, 92, 5, 50, 96, 97, 0, 0, 1.2),
(291, 561, 109, 49, 86, 5, 50, 118, 116, 0, 0, 1.2),
(292, 1246, 166, 109, 86, 5, 50, 118, 116, 0, 0, 1.2),
(293, 1631, 205, 143, 86, 5, 50, 118, 116, 0, 0, 1.2),
(294, 2392, 270, 210, 86, 5, 50, 118, 116, 0, 0, 1.2),
(295, 2777, 309, 244, 86, 5, 50, 118, 116, 0, 0, 1.2),
(296, 3538, 373, 310, 86, 5, 50, 118, 116, 0, 0, 1.2),
(297, 3923, 412, 343, 86, 5, 50, 118, 116, 0, 0, 1.2),
(298, 4684, 476, 410, 86, 5, 50, 118, 116, 0, 0, 1.2),
(299, 5069, 515, 444, 86, 5, 50, 118, 116, 0, 0, 1.2),
(300, 5830, 580, 511, 86, 5, 50, 118, 116, 0, 0, 1.2),
(301, 6215, 619, 545, 86, 5, 50, 118, 116, 0, 0, 1.2),
(302, 6976, 683, 612, 86, 5, 50, 118, 116, 0, 0, 1.2),
(303, 663, 109, 49, 118, 5, 50, 94, 93, 0, 0, 1.2),
(304, 1473, 166, 109, 118, 5, 50, 94, 93, 0, 0, 1.2),
(305, 1928, 205, 143, 118, 5, 50, 94, 93, 0, 0, 1.2),
(306, 2828, 270, 210, 118, 5, 50, 94, 93, 0, 0, 1.2),
(307, 3284, 309, 244, 118, 5, 50, 94, 93, 0, 0, 1.2),
(308, 4184, 373, 310, 118, 5, 50, 94, 93, 0, 0, 1.2),
(309, 4639, 412, 343, 118, 5, 50, 94, 93, 0, 0, 1.2),
(310, 5540, 476, 410, 118, 5, 50, 94, 93, 0, 0, 1.2),
(311, 5995, 515, 444, 118, 5, 50, 94, 93, 0, 0, 1.2),
(312, 6895, 579, 511, 118, 5, 50, 94, 93, 0, 0, 1.2),
(313, 7350, 618, 545, 118, 5, 50, 94, 93, 0, 0, 1.2),
(314, 8250, 683, 612, 118, 5, 50, 94, 93, 0, 0, 1.2),
(315, 692, 103, 48, 83, 5, 50, 92, 93, 0, 0, 1.2),
(316, 1537, 157, 106, 83, 5, 50, 92, 93, 0, 0, 1.2),
(317, 2012, 194, 139, 83, 5, 50, 92, 93, 0, 0, 1.2),
(318, 2951, 254, 205, 83, 5, 50, 92, 93, 0, 0, 1.2),
(319, 3426, 291, 238, 83, 5, 50, 92, 93, 0, 0, 1.2),
(320, 4366, 351, 304, 83, 5, 50, 92, 93, 0, 0, 1.2),
(321, 4841, 388, 337, 83, 5, 50, 92, 93, 0, 0, 1.2),
(322, 5780, 448, 402, 83, 5, 50, 92, 93, 0, 0, 1.2),
(323, 6255, 484, 436, 83, 5, 50, 92, 93, 0, 0, 1.2),
(324, 7194, 544, 502, 83, 5, 50, 92, 93, 0, 0, 1.2),
(325, 7669, 581, 535, 83, 5, 50, 92, 93, 0, 0, 1.2),
(326, 8609, 642, 600, 83, 5, 50, 92, 93, 0, 0, 1.2),
(327, 699, 93, 60, 94, 5, 50, 90, 86, 0, 0, 1.2),
(328, 1553, 140, 133, 94, 5, 50, 90, 86, 0, 0, 1.2),
(329, 2033, 173, 174, 94, 5, 50, 90, 86, 0, 0, 1.2),
(330, 2982, 225, 255, 94, 5, 50, 90, 86, 0, 0, 1.2),
(331, 3462, 258, 296, 94, 5, 50, 90, 86, 0, 0, 1.2),
(332, 4412, 311, 377, 94, 5, 50, 90, 86, 0, 0, 1.2),
(333, 4892, 344, 418, 94, 5, 50, 90, 86, 0, 0, 1.2),
(334, 5841, 397, 500, 94, 5, 50, 90, 86, 0, 0, 1.2),
(335, 6321, 430, 542, 94, 5, 50, 90, 86, 0, 0, 1.2),
(336, 7270, 482, 623, 94, 5, 50, 90, 86, 0, 0, 1.2),
(337, 7751, 515, 664, 94, 5, 50, 90, 86, 0, 0, 1.2),
(338, 8701, 568, 746, 94, 5, 50, 90, 86, 0, 0, 1.2),
(339, 617, 128, 49, 93, 5, 50, 93, 94, 0, 0, 1.2),
(340, 1370, 197, 109, 93, 5, 50, 93, 94, 0, 0, 1.2),
(341, 1793, 243, 143, 93, 5, 50, 93, 94, 0, 0, 1.2),
(342, 2630, 321, 210, 93, 5, 50, 93, 94, 0, 0, 1.2),
(343, 3054, 366, 244, 93, 5, 50, 93, 94, 0, 0, 1.2),
(344, 3891, 443, 310, 93, 5, 50, 93, 94, 0, 0, 1.2),
(345, 4314, 489, 343, 93, 5, 50, 93, 94, 0, 0, 1.2),
(346, 5152, 567, 410, 93, 5, 50, 93, 94, 0, 0, 1.2),
(347, 5576, 613, 444, 93, 5, 50, 93, 94, 0, 0, 1.2),
(348, 6413, 691, 511, 93, 5, 50, 93, 94, 0, 0, 1.2),
(349, 6836, 736, 545, 93, 5, 50, 93, 94, 0, 0, 1.2),
(350, 7673, 813, 612, 93, 5, 50, 93, 94, 0, 0, 1.2),
(351, 645, 96, 48, 86, 5, 50, 96, 93, 0, 0, 1.2),
(352, 1433, 145, 106, 86, 5, 50, 96, 93, 0, 0, 1.2),
(353, 1876, 179, 139, 86, 5, 50, 96, 93, 0, 0, 1.2),
(354, 2751, 234, 204, 86, 5, 50, 96, 93, 0, 0, 1.2),
(355, 3194, 268, 237, 86, 5, 50, 96, 93, 0, 0, 1.2),
(356, 4070, 323, 303, 86, 5, 50, 96, 93, 0, 0, 1.2),
(357, 4513, 358, 336, 86, 5, 50, 96, 93, 0, 0, 1.2),
(358, 5389, 413, 401, 86, 5, 50, 96, 93, 0, 0, 1.2),
(359, 5832, 447, 434, 86, 5, 50, 96, 93, 0, 0, 1.2),
(360, 6708, 501, 499, 86, 5, 50, 96, 93, 0, 0, 1.2),
(361, 7150, 535, 532, 86, 5, 50, 96, 93, 0, 0, 1.2),
(362, 8025, 590, 597, 86, 5, 50, 96, 93, 0, 0, 1.2),
(363, 626, 126, 49, 86, 5, 50, 112, 114, 0, 0, 1.2),
(364, 1390, 194, 109, 86, 5, 50, 112, 114, 0, 0, 1.2),
(365, 1820, 239, 143, 86, 5, 50, 112, 114, 0, 0, 1.2),
(366, 2670, 315, 210, 86, 5, 50, 112, 114, 0, 0, 1.2),
(367, 3099, 360, 244, 86, 5, 50, 112, 114, 0, 0, 1.2),
(368, 3949, 435, 310, 86, 5, 50, 112, 114, 0, 0, 1.2),
(369, 4379, 479, 343, 86, 5, 50, 112, 114, 0, 0, 1.2),
(370, 5229, 555, 410, 86, 5, 50, 112, 114, 0, 0, 1.2),
(371, 5659, 600, 444, 86, 5, 50, 112, 114, 0, 0, 1.2),
(372, 6508, 676, 511, 86, 5, 50, 112, 114, 0, 0, 1.2),
(373, 6938, 721, 545, 86, 5, 50, 112, 114, 0, 0, 1.2),
(374, 7788, 797, 612, 86, 5, 50, 112, 114, 0, 0, 1.2),
(375, 602, 132, 48, 90, 5, 50, 92, 93, 0, 0, 1.2),
(376, 1336, 204, 106, 90, 5, 50, 92, 93, 0, 0, 1.2),
(377, 1749, 251, 139, 90, 5, 50, 92, 93, 0, 0, 1.2),
(378, 2566, 332, 205, 90, 5, 50, 92, 93, 0, 0, 1.2),
(379, 2979, 380, 238, 90, 5, 50, 92, 93, 0, 0, 1.2),
(380, 3795, 461, 304, 90, 5, 50, 92, 93, 0, 0, 1.2),
(381, 4208, 508, 337, 90, 5, 50, 92, 93, 0, 0, 1.2),
(382, 5024, 588, 402, 90, 5, 50, 92, 93, 0, 0, 1.2),
(383, 5436, 635, 436, 90, 5, 50, 92, 93, 0, 0, 1.2),
(384, 6253, 716, 502, 90, 5, 50, 92, 93, 0, 0, 1.2),
(385, 6666, 763, 535, 90, 5, 50, 92, 93, 0, 0, 1.2),
(386, 7482, 844, 600, 90, 5, 50, 92, 93, 0, 0, 1.2),
(392, 617, 134, 49, 93, 5, 50, 94, 93, 0, 0, 1.2),
(393, 1370, 207, 109, 93, 5, 50, 94, 93, 0, 0, 1.2),
(394, 1793, 255, 143, 93, 5, 50, 94, 93, 0, 0, 1.2),
(395, 2630, 337, 210, 93, 5, 50, 94, 93, 0, 0, 1.2),
(396, 3054, 384, 244, 93, 5, 50, 94, 93, 0, 0, 1.2),
(397, 3891, 465, 310, 93, 5, 50, 94, 93, 0, 0, 1.2),
(398, 4314, 513, 343, 93, 5, 50, 94, 93, 0, 0, 1.2),
(399, 5152, 595, 410, 93, 5, 50, 94, 93, 0, 0, 1.2),
(400, 5576, 643, 444, 93, 5, 50, 94, 93, 0, 0, 1.2),
(401, 6413, 725, 511, 93, 5, 50, 94, 93, 0, 0, 1.2),
(402, 6836, 773, 545, 93, 5, 50, 94, 93, 0, 0, 1.2),
(403, 7673, 854, 612, 93, 5, 50, 94, 93, 0, 0, 1.2),
(404, 612, 96, 49, 118, 5, 50, 92, 90, 0, 0, 1.2),
(405, 1359, 145, 108, 118, 5, 50, 92, 90, 0, 0, 1.2),
(406, 1779, 179, 141, 118, 5, 50, 92, 90, 0, 0, 1.2),
(407, 2610, 234, 207, 118, 5, 50, 92, 90, 0, 0, 1.2),
(408, 3030, 268, 241, 118, 5, 50, 92, 90, 0, 0, 1.2),
(409, 3860, 323, 307, 118, 5, 50, 92, 90, 0, 0, 1.2),
(410, 4280, 358, 340, 118, 5, 50, 92, 90, 0, 0, 1.2),
(411, 5111, 413, 407, 118, 5, 50, 92, 90, 0, 0, 1.2),
(412, 5531, 447, 441, 118, 5, 50, 92, 90, 0, 0, 1.2),
(413, 6362, 501, 507, 118, 5, 50, 92, 90, 0, 0, 1.2),
(414, 6782, 535, 540, 118, 5, 50, 92, 90, 0, 0, 1.2),
(415, 7612, 590, 606, 118, 5, 50, 92, 90, 0, 0, 1.2),
(416, 637, 108, 48, 113, 5, 50, 96, 95, 0, 0, 1.2),
(417, 1414, 165, 106, 113, 5, 50, 96, 95, 0, 0, 1.2),
(418, 1851, 204, 139, 113, 5, 50, 96, 95, 0, 0, 1.2),
(419, 2716, 267, 205, 113, 5, 50, 96, 95, 0, 0, 1.2),
(420, 3153, 305, 238, 113, 5, 50, 96, 95, 0, 0, 1.2),
(421, 4017, 369, 304, 113, 5, 50, 96, 95, 0, 0, 1.2),
(422, 4454, 408, 337, 113, 5, 50, 96, 95, 0, 0, 1.2),
(423, 5319, 471, 402, 113, 5, 50, 96, 95, 0, 0, 1.2),
(424, 5757, 509, 436, 113, 5, 50, 96, 95, 0, 0, 1.2),
(425, 6621, 573, 502, 113, 5, 50, 96, 95, 0, 0, 1.2),
(426, 7058, 612, 535, 113, 5, 50, 96, 95, 0, 0, 1.2),
(427, 7923, 675, 600, 113, 5, 50, 96, 95, 0, 0, 1.2),
(428, 580, 114, 50, 95, 5, 50, 90, 86, 0, 0, 1.2),
(429, 1288, 174, 111, 95, 5, 50, 90, 86, 0, 0, 1.2),
(430, 1686, 215, 145, 95, 5, 50, 90, 86, 0, 0, 1.2),
(431, 2474, 283, 213, 95, 5, 50, 90, 86, 0, 0, 1.2),
(432, 2873, 323, 248, 95, 5, 50, 90, 86, 0, 0, 1.2),
(433, 3661, 391, 315, 95, 5, 50, 90, 86, 0, 0, 1.2),
(434, 4059, 432, 349, 95, 5, 50, 90, 86, 0, 0, 1.2),
(435, 4846, 500, 417, 95, 5, 50, 90, 86, 0, 0, 1.2),
(436, 5244, 541, 451, 95, 5, 50, 90, 86, 0, 0, 1.2),
(437, 6032, 608, 519, 95, 5, 50, 90, 86, 0, 0, 1.2),
(438, 6431, 648, 554, 95, 5, 50, 90, 86, 0, 0, 1.2),
(439, 7219, 716, 622, 95, 5, 50, 90, 86, 0, 0, 1.2),
(440, 595, 132, 48, 90, 5, 50, 80, 95, 0, 0, 1.2),
(441, 1322, 204, 106, 90, 5, 50, 80, 95, 0, 0, 1.2),
(442, 1731, 251, 139, 90, 5, 50, 80, 95, 0, 0, 1.2),
(443, 2539, 331, 205, 90, 5, 50, 80, 95, 0, 0, 1.2),
(444, 2947, 378, 238, 90, 5, 50, 80, 95, 0, 0, 1.2),
(445, 3755, 458, 304, 90, 5, 50, 80, 95, 0, 0, 1.2),
(446, 4164, 505, 337, 90, 5, 50, 80, 95, 0, 0, 1.2),
(447, 4972, 586, 402, 90, 5, 50, 80, 95, 0, 0, 1.2),
(448, 5381, 633, 436, 90, 5, 50, 80, 95, 0, 0, 1.2),
(449, 6189, 713, 502, 90, 5, 50, 80, 95, 0, 0, 1.2),
(450, 6597, 760, 535, 90, 5, 50, 80, 95, 0, 0, 1.2),
(451, 7405, 840, 600, 90, 5, 50, 80, 95, 0, 0, 1.2),
(452, 626, 134, 49, 93, 5, 50, 82, 90, 0, 0, 1.2),
(453, 1390, 207, 109, 93, 5, 50, 82, 90, 0, 0, 1.2),
(454, 1820, 255, 143, 93, 5, 50, 82, 90, 0, 0, 1.2),
(455, 2670, 337, 210, 93, 5, 50, 82, 90, 0, 0, 1.2),
(456, 3099, 384, 244, 93, 5, 50, 82, 90, 0, 0, 1.2),
(457, 3949, 465, 310, 93, 5, 50, 82, 90, 0, 0, 1.2),
(458, 4379, 513, 343, 93, 5, 50, 82, 90, 0, 0, 1.2),
(459, 5229, 595, 410, 93, 5, 50, 82, 90, 0, 0, 1.2),
(460, 5659, 643, 444, 93, 5, 50, 82, 90, 0, 0, 1.2),
(461, 6508, 725, 511, 93, 5, 50, 82, 90, 0, 0, 1.2),
(462, 6938, 773, 545, 93, 5, 50, 82, 90, 0, 0, 1.2),
(463, 7788, 854, 612, 93, 5, 50, 82, 90, 0, 0, 1.2);

-- --------------------------------------------------------

--
-- Estrutura da tabela `agents_stats_per_level`
--

CREATE TABLE `agents_stats_per_level` (
  `id` int(11) NOT NULL,
  `promotion_level` enum('0','1','2','3','4','5') DEFAULT NULL,
  `agent_level` enum('1','10','20','30','40','50','60') DEFAULT NULL,
  `stats_id` int(11) DEFAULT NULL,
  `agent_id` int(11) DEFAULT NULL
) ENGINE=InnoDB DEFAULT CHARSET=utf8mb4 COLLATE=utf8mb4_general_ci;

--
-- Extraindo dados da tabela `agents_stats_per_level`
--

INSERT INTO `agents_stats_per_level` (`id`, `promotion_level`, `agent_level`, `stats_id`, `agent_id`) VALUES
(1249, '0', '1', 87, 1),
(1250, '0', '10', 88, 1),
(1251, '1', '10', 89, 1),
(1252, '1', '20', 90, 1),
(1253, '2', '20', 91, 1),
(1254, '2', '30', 92, 1),
(1255, '3', '30', 93, 1),
(1256, '3', '40', 94, 1),
(1257, '4', '40', 95, 1),
(1258, '4', '50', 96, 1),
(1259, '5', '50', 97, 1),
(1260, '5', '60', 98, 1),
(1261, '0', '1', 99, 2),
(1262, '0', '10', 100, 2),
(1263, '1', '10', 101, 2),
(1264, '1', '20', 102, 2),
(1265, '2', '20', 103, 2),
(1266, '2', '30', 104, 2),
(1267, '3', '30', 105, 2),
(1268, '3', '40', 106, 2),
(1269, '4', '40', 107, 2),
(1270, '4', '50', 108, 2),
(1271, '5', '50', 109, 2),
(1272, '5', '60', 110, 2),
(1273, '0', '1', 111, 3),
(1274, '0', '10', 112, 3),
(1275, '1', '10', 113, 3),
(1276, '1', '20', 114, 3),
(1277, '2', '20', 115, 3),
(1278, '2', '30', 116, 3),
(1279, '3', '30', 117, 3),
(1280, '3', '40', 118, 3),
(1281, '4', '40', 119, 3),
(1282, '4', '50', 120, 3),
(1283, '5', '50', 121, 3),
(1284, '5', '60', 122, 3),
(1285, '0', '1', 123, 4),
(1286, '0', '10', 124, 4),
(1287, '1', '10', 125, 4),
(1288, '1', '20', 126, 4),
(1289, '2', '20', 127, 4),
(1290, '2', '30', 128, 4),
(1291, '3', '30', 129, 4),
(1292, '3', '40', 130, 4),
(1293, '4', '40', 131, 4),
(1294, '4', '50', 132, 4),
(1295, '5', '50', 133, 4),
(1296, '5', '60', 134, 4),
(1297, '0', '1', 135, 5),
(1298, '0', '10', 136, 5),
(1299, '1', '10', 137, 5),
(1300, '1', '20', 138, 5),
(1301, '2', '20', 139, 5),
(1302, '2', '30', 140, 5),
(1303, '3', '30', 141, 5),
(1304, '3', '40', 142, 5),
(1305, '4', '40', 143, 5),
(1306, '4', '50', 144, 5),
(1307, '5', '50', 145, 5),
(1308, '5', '60', 146, 5),
(1309, '0', '1', 147, 6),
(1310, '0', '10', 148, 6),
(1311, '1', '10', 149, 6),
(1312, '1', '20', 150, 6),
(1313, '2', '20', 151, 6),
(1314, '2', '30', 152, 6),
(1315, '3', '30', 153, 6),
(1316, '3', '40', 154, 6),
(1317, '4', '40', 155, 6),
(1318, '4', '50', 156, 6),
(1319, '5', '50', 157, 6),
(1320, '5', '60', 158, 6),
(1321, '0', '1', 159, 7),
(1322, '0', '10', 160, 7),
(1323, '1', '10', 161, 7),
(1324, '1', '20', 162, 7),
(1325, '2', '20', 163, 7),
(1326, '2', '30', 164, 7),
(1327, '3', '30', 165, 7),
(1328, '3', '40', 166, 7),
(1329, '4', '40', 167, 7),
(1330, '4', '50', 168, 7),
(1331, '5', '50', 169, 7),
(1332, '5', '60', 170, 7),
(1333, '0', '1', 171, 8),
(1334, '0', '10', 172, 8),
(1335, '1', '10', 173, 8),
(1336, '1', '20', 174, 8),
(1337, '2', '20', 175, 8),
(1338, '2', '30', 176, 8),
(1339, '3', '30', 177, 8),
(1340, '3', '40', 178, 8),
(1341, '4', '40', 179, 8),
(1342, '4', '50', 180, 8),
(1343, '5', '50', 181, 8),
(1344, '5', '60', 182, 8),
(1345, '0', '1', 183, 13),
(1346, '0', '10', 184, 13),
(1347, '1', '10', 185, 13),
(1348, '1', '20', 186, 13),
(1349, '2', '20', 187, 13),
(1350, '2', '30', 188, 13),
(1351, '3', '30', 189, 13),
(1352, '3', '40', 190, 13),
(1353, '4', '40', 191, 13),
(1354, '4', '50', 192, 13),
(1355, '5', '50', 193, 13),
(1356, '5', '60', 194, 13),
(1357, '0', '1', 195, 14),
(1358, '0', '10', 196, 14),
(1359, '1', '10', 197, 14),
(1360, '1', '20', 198, 14),
(1361, '2', '20', 199, 14),
(1362, '2', '30', 200, 14),
(1363, '3', '30', 201, 14),
(1364, '3', '40', 202, 14),
(1365, '4', '40', 203, 14),
(1366, '4', '50', 204, 14),
(1367, '5', '50', 205, 14),
(1368, '5', '60', 206, 14),
(1369, '0', '1', 207, 15),
(1370, '0', '10', 208, 15),
(1371, '1', '10', 209, 15),
(1372, '1', '20', 210, 15),
(1373, '2', '20', 211, 15),
(1374, '2', '30', 212, 15),
(1375, '3', '30', 213, 15),
(1376, '3', '40', 214, 15),
(1377, '4', '40', 215, 15),
(1378, '4', '50', 216, 15),
(1379, '5', '50', 217, 15),
(1380, '5', '60', 218, 15),
(1381, '0', '1', 219, 16),
(1382, '0', '10', 220, 16),
(1383, '1', '10', 221, 16),
(1384, '1', '20', 222, 16),
(1385, '2', '20', 223, 16),
(1386, '2', '30', 224, 16),
(1387, '3', '30', 225, 16),
(1388, '3', '40', 226, 16),
(1389, '4', '40', 227, 16),
(1390, '4', '50', 228, 16),
(1391, '5', '50', 229, 16),
(1392, '5', '60', 230, 16),
(1393, '0', '1', 231, 17),
(1394, '0', '10', 232, 17),
(1395, '1', '10', 233, 17),
(1396, '1', '20', 234, 17),
(1397, '2', '20', 235, 17),
(1398, '2', '30', 236, 17),
(1399, '3', '30', 237, 17),
(1400, '3', '40', 238, 17),
(1401, '4', '40', 239, 17),
(1402, '4', '50', 240, 17),
(1403, '5', '50', 241, 17),
(1404, '5', '60', 242, 17),
(1405, '0', '1', 243, 18),
(1406, '0', '10', 244, 18),
(1407, '1', '10', 245, 18),
(1408, '1', '20', 246, 18),
(1409, '2', '20', 247, 18),
(1410, '2', '30', 248, 18),
(1411, '3', '30', 249, 18),
(1412, '3', '40', 250, 18),
(1413, '4', '40', 251, 18),
(1414, '4', '50', 252, 18),
(1415, '5', '50', 253, 18),
(1416, '5', '60', 254, 18),
(1417, '0', '1', 255, 19),
(1418, '0', '10', 256, 19),
(1419, '1', '10', 257, 19),
(1420, '1', '20', 258, 19),
(1421, '2', '20', 259, 19),
(1422, '2', '30', 260, 19),
(1423, '3', '30', 261, 19),
(1424, '3', '40', 262, 19),
(1425, '4', '40', 263, 19),
(1426, '4', '50', 264, 19),
(1427, '5', '50', 265, 19),
(1428, '5', '60', 266, 19),
(1429, '0', '1', 267, 20),
(1430, '0', '10', 268, 20),
(1431, '1', '10', 269, 20),
(1432, '1', '20', 270, 20),
(1433, '2', '20', 271, 20),
(1434, '2', '30', 272, 20),
(1435, '3', '30', 273, 20),
(1436, '3', '40', 274, 20),
(1437, '4', '40', 275, 20),
(1438, '4', '50', 276, 20),
(1439, '5', '50', 277, 20),
(1440, '5', '60', 278, 20),
(1441, '0', '1', 279, 21),
(1442, '0', '10', 280, 21),
(1443, '1', '10', 281, 21),
(1444, '1', '20', 282, 21),
(1445, '2', '20', 283, 21),
(1446, '2', '30', 284, 21),
(1447, '3', '30', 285, 21),
(1448, '3', '40', 286, 21),
(1449, '4', '40', 287, 21),
(1450, '4', '50', 288, 21),
(1451, '5', '50', 289, 21),
(1452, '5', '60', 290, 21),
(1453, '0', '1', 291, 22),
(1454, '0', '10', 292, 22),
(1455, '1', '10', 293, 22),
(1456, '1', '20', 294, 22),
(1457, '2', '20', 295, 22),
(1458, '2', '30', 296, 22),
(1459, '3', '30', 297, 22),
(1460, '3', '40', 298, 22),
(1461, '4', '40', 299, 22),
(1462, '4', '50', 300, 22),
(1463, '5', '50', 301, 22),
(1464, '5', '60', 302, 22),
(1465, '0', '1', 303, 23),
(1466, '0', '10', 304, 23),
(1467, '1', '10', 305, 23),
(1468, '1', '20', 306, 23),
(1469, '2', '20', 307, 23),
(1470, '2', '30', 308, 23),
(1471, '3', '30', 309, 23),
(1472, '3', '40', 310, 23),
(1473, '4', '40', 311, 23),
(1474, '4', '50', 312, 23),
(1475, '5', '50', 313, 23),
(1476, '5', '60', 314, 23),
(1477, '0', '1', 315, 24),
(1478, '0', '10', 316, 24),
(1479, '1', '10', 317, 24),
(1480, '1', '20', 318, 24),
(1481, '2', '20', 319, 24),
(1482, '2', '30', 320, 24),
(1483, '3', '30', 321, 24),
(1484, '3', '40', 322, 24),
(1485, '4', '40', 323, 24),
(1486, '4', '50', 324, 24),
(1487, '5', '50', 325, 24),
(1488, '5', '60', 326, 24),
(1489, '0', '1', 327, 25),
(1490, '0', '10', 328, 25),
(1491, '1', '10', 329, 25),
(1492, '1', '20', 330, 25),
(1493, '2', '20', 331, 25),
(1494, '2', '30', 332, 25),
(1495, '3', '30', 333, 25),
(1496, '3', '40', 334, 25),
(1497, '4', '40', 335, 25),
(1498, '4', '50', 336, 25),
(1499, '5', '50', 337, 25),
(1500, '5', '60', 338, 25),
(1501, '0', '1', 339, 26),
(1502, '0', '10', 340, 26),
(1503, '1', '10', 341, 26),
(1504, '1', '20', 342, 26),
(1505, '2', '20', 343, 26),
(1506, '2', '30', 344, 26),
(1507, '3', '30', 345, 26),
(1508, '3', '40', 346, 26),
(1509, '4', '40', 347, 26),
(1510, '4', '50', 348, 26),
(1511, '5', '50', 349, 26),
(1512, '5', '60', 350, 26),
(1513, '0', '1', 351, 27),
(1514, '0', '10', 352, 27),
(1515, '1', '10', 353, 27),
(1516, '1', '20', 354, 27),
(1517, '2', '20', 355, 27),
(1518, '2', '30', 356, 27),
(1519, '3', '30', 357, 27),
(1520, '3', '40', 358, 27),
(1521, '4', '40', 359, 27),
(1522, '4', '50', 360, 27),
(1523, '5', '50', 361, 27),
(1524, '5', '60', 362, 27),
(1525, '0', '1', 363, 28),
(1526, '0', '10', 364, 28),
(1527, '1', '10', 365, 28),
(1528, '1', '20', 366, 28),
(1529, '2', '20', 367, 28),
(1530, '2', '30', 368, 28),
(1531, '3', '30', 369, 28),
(1532, '3', '40', 370, 28),
(1533, '4', '40', 371, 28),
(1534, '4', '50', 372, 28),
(1535, '5', '50', 373, 28),
(1536, '5', '60', 374, 28),
(1537, '0', '1', 375, 29),
(1538, '0', '10', 376, 29),
(1539, '1', '10', 377, 29),
(1540, '1', '20', 378, 29),
(1541, '2', '20', 379, 29),
(1542, '2', '30', 380, 29),
(1543, '3', '30', 381, 29),
(1544, '3', '40', 382, 29),
(1545, '4', '40', 383, 29),
(1546, '4', '50', 384, 29),
(1547, '5', '50', 385, 29),
(1548, '5', '60', 386, 29),
(1549, '0', '1', 392, 33),
(1550, '0', '10', 393, 33),
(1551, '1', '10', 394, 33),
(1552, '1', '20', 395, 33),
(1553, '2', '20', 396, 33),
(1554, '2', '30', 397, 33),
(1555, '3', '30', 398, 33),
(1556, '3', '40', 399, 33),
(1557, '4', '40', 400, 33),
(1558, '4', '50', 401, 33),
(1559, '5', '50', 402, 33),
(1560, '5', '60', 403, 33),
(1561, '0', '1', 404, 34),
(1562, '0', '10', 405, 34),
(1563, '1', '10', 406, 34),
(1564, '1', '20', 407, 34),
(1565, '2', '20', 408, 34),
(1566, '2', '30', 409, 34),
(1567, '3', '30', 410, 34),
(1568, '3', '40', 411, 34),
(1569, '4', '40', 412, 34),
(1570, '4', '50', 413, 34),
(1571, '5', '50', 414, 34),
(1572, '5', '60', 415, 34),
(1573, '0', '1', 416, 35),
(1574, '0', '10', 417, 35),
(1575, '1', '10', 418, 35),
(1576, '1', '20', 419, 35),
(1577, '2', '20', 420, 35),
(1578, '2', '30', 421, 35),
(1579, '3', '30', 422, 35),
(1580, '3', '40', 423, 35),
(1581, '4', '40', 424, 35),
(1582, '4', '50', 425, 35),
(1583, '5', '50', 426, 35),
(1584, '5', '60', 427, 35),
(1585, '0', '1', 428, 32),
(1586, '0', '10', 429, 32),
(1587, '1', '10', 430, 32),
(1588, '1', '20', 431, 32),
(1589, '2', '20', 432, 32),
(1590, '2', '30', 433, 32),
(1591, '3', '30', 434, 32),
(1592, '3', '40', 435, 32),
(1593, '4', '40', 436, 32),
(1594, '4', '50', 437, 32),
(1595, '5', '50', 438, 32),
(1596, '5', '60', 439, 32),
(1597, '0', '1', 440, 30),
(1598, '0', '10', 441, 30),
(1599, '1', '10', 442, 30),
(1600, '1', '20', 443, 30),
(1601, '2', '20', 444, 30),
(1602, '2', '30', 445, 30),
(1603, '3', '30', 446, 30),
(1604, '3', '40', 447, 30),
(1605, '4', '40', 448, 30),
(1606, '4', '50', 449, 30),
(1607, '5', '50', 450, 30),
(1608, '5', '60', 451, 30),
(1609, '0', '1', 452, 31),
(1610, '0', '10', 453, 31),
(1611, '1', '10', 454, 31),
(1612, '1', '20', 455, 31),
(1613, '2', '20', 456, 31),
(1614, '2', '30', 457, 31),
(1615, '3', '30', 458, 31),
(1616, '3', '40', 459, 31),
(1617, '4', '40', 460, 31),
(1618, '4', '50', 461, 31),
(1619, '5', '50', 462, 31),
(1620, '5', '60', 463, 31);

-- --------------------------------------------------------

--
-- Estrutura da tabela `agent_core_constant_stat`
--

CREATE TABLE `agent_core_constant_stat` (
  `agent_id` int(11) DEFAULT NULL,
  `constant_stat_id` int(11) DEFAULT NULL
) ENGINE=InnoDB DEFAULT CHARSET=utf8mb4 COLLATE=utf8mb4_general_ci;

--
-- Extraindo dados da tabela `agent_core_constant_stat`
--

INSERT INTO `agent_core_constant_stat` (`agent_id`, `constant_stat_id`) VALUES
(3, 5),
(32, 6),
(4, 4),
(6, 4),
(13, 6),
(14, 4),
(15, 5),
(16, 7),
(5, 6),
(31, 6),
(17, 3),
(30, 6),
(7, 3),
(18, 5),
(19, 5),
(8, 4),
(20, 5),
(1, 1),
(21, 6),
(2, 4),
(22, 4),
(23, 5),
(24, 2),
(25, 4),
(26, 6),
(27, 4),
(28, 3),
(29, 7),
(NULL, NULL),
(34, 5),
(NULL, NULL),
(33, 6),
(35, 5);

-- --------------------------------------------------------

--
-- Estrutura da tabela `basestatsname`
--

CREATE TABLE `basestatsname` (
  `id` int(11) NOT NULL,
  `name` varchar(255) DEFAULT NULL,
  `type` enum('Flat','Percentage') DEFAULT NULL
) ENGINE=InnoDB DEFAULT CHARSET=utf8mb4 COLLATE=utf8mb4_general_ci;

--
-- Extraindo dados da tabela `basestatsname`
--

INSERT INTO `basestatsname` (`id`, `name`, `type`) VALUES
(1, 'HP', 'Flat'),
(2, 'HP', 'Percentage'),
(3, 'ATK', 'Flat'),
(4, 'ATK', 'Percentage'),
(5, 'DEF', 'Flat'),
(6, 'DEF', 'Percentage'),
(7, 'CRIT Rate', 'Percentage'),
(8, 'CRIT DMG', 'Percentage'),
(9, 'Anomaly Proficiency', 'Flat'),
(10, 'Anomaly Mastery', 'Flat'),
(11, 'Anomaly Mastery', 'Percentage'),
(12, 'PEN', 'Flat'),
(13, 'PEN Ratio', 'Percentage'),
(14, 'Impact', 'Flat'),
(15, 'Impact', 'Percentage'),
(16, 'Energy Regen', 'Flat'),
(17, 'Energy Regen', 'Percentage'),
(18, 'Physical Damage', 'Percentage'),
(19, 'Eletric Damage', 'Percentage'),
(20, 'Fire Damage', 'Percentage'),
(21, 'Ice Damage', 'Percentage'),
(22, 'Ether Damage', 'Percentage');

-- --------------------------------------------------------

--
-- Estrutura da tabela `colors`
--

CREATE TABLE `colors` (
  `id` int(11) NOT NULL,
  `name` varchar(255) DEFAULT NULL,
  `light_color` varchar(12) DEFAULT NULL,
  `light_gradient` varchar(12) DEFAULT NULL,
  `dark_gradient` varchar(12) DEFAULT NULL
) ENGINE=InnoDB DEFAULT CHARSET=utf8mb4 COLLATE=utf8mb4_general_ci;

--
-- Extraindo dados da tabela `colors`
--

INSERT INTO `colors` (`id`, `name`, `light_color`, `light_gradient`, `dark_gradient`) VALUES
(1, 'Light Blue', '#1ce0ef', '#1fadba', '#115c62'),
(2, 'Orange', '#ef691c', '#ba581f', '#622f11'),
(3, 'Yellow', '#efdd1c', '#baad1f', '#625b11'),
(4, 'Pink', '#ef1cef', '#ba1fba', '#621162'),
(5, 'Hot Pink', '#ef1c86', '#ba1f6c', '#62113a'),
(6, 'Purple', '#741cef', '#601fba', '#331162'),
(7, 'Red', '#ef1c1c', '#ba1f1f', '#621111'),
(8, 'Green', '#38ef1c', '#34ba1f', '#1c6211'),
(9, 'Blue', '#1c1cef', '#1f1fba', '#111162');

-- --------------------------------------------------------

--
-- Estrutura da tabela `constantmainstat`
--

CREATE TABLE `constantmainstat` (
  `id` int(11) NOT NULL,
  `statname_id` int(11) DEFAULT NULL,
  `value` float DEFAULT NULL
) ENGINE=InnoDB DEFAULT CHARSET=utf8mb4 COLLATE=utf8mb4_general_ci;

--
-- Extraindo dados da tabela `constantmainstat`
--

INSERT INTO `constantmainstat` (`id`, `statname_id`, `value`) VALUES
(1, 1, 2200),
(2, 3, 316),
(3, 5, 184),
(4, 4, 30),
(5, 2, 30),
(6, 6, 30),
(7, 7, 24),
(8, 8, 48),
(9, 9, 30),
(10, 13, 24),
(11, 11, 30),
(12, 15, 18),
(13, 17, 60),
(14, 18, 30),
(15, 19, 30),
(16, 20, 30),
(17, 21, 30),
(18, 22, 30);

-- --------------------------------------------------------

--
-- Estrutura da tabela `constantsubstat`
--

CREATE TABLE `constantsubstat` (
  `id` int(11) NOT NULL,
  `statname_id` int(11) DEFAULT NULL,
  `value` float DEFAULT NULL
) ENGINE=InnoDB DEFAULT CHARSET=utf8mb4 COLLATE=utf8mb4_general_ci;

--
-- Extraindo dados da tabela `constantsubstat`
--

INSERT INTO `constantsubstat` (`id`, `statname_id`, `value`) VALUES
(1, 1, 112),
(2, 3, 19),
(3, 5, 15),
(4, 4, 3),
(5, 2, 3),
(6, 6, 4.8),
(7, 7, 2.4),
(8, 8, 4.8),
(9, 9, 9),
(10, 12, 9);

-- --------------------------------------------------------

--
-- Estrutura da tabela `constant_core_stat`
--

CREATE TABLE `constant_core_stat` (
  `id` int(11) NOT NULL,
  `stat_id` int(11) DEFAULT NULL,
  `value` float DEFAULT NULL
) ENGINE=InnoDB DEFAULT CHARSET=utf8mb4 COLLATE=utf8mb4_general_ci;

--
-- Extraindo dados da tabela `constant_core_stat`
--

INSERT INTO `constant_core_stat` (`id`, `stat_id`, `value`) VALUES
(1, 9, 30),
(2, 13, 4.8),
(3, 10, 12),
(4, 16, 0.12),
(5, 14, 6),
(6, 7, 4.8),
(7, 8, 9.6);

-- --------------------------------------------------------

--
-- Estrutura da tabela `discs`
--

CREATE TABLE `discs` (
  `id` int(11) NOT NULL,
  `name` varchar(255) DEFAULT NULL,
  `passive_stat_id` int(11) DEFAULT NULL
) ENGINE=InnoDB DEFAULT CHARSET=utf8mb4 COLLATE=utf8mb4_general_ci;

--
-- Extraindo dados da tabela `discs`
--

INSERT INTO `discs` (`id`, `name`, `passive_stat_id`) VALUES
(1, 'Branch & Blade Song', 1),
(2, 'Astral Voice', 2),
(3, 'Chaos Jazz', 3),
(4, 'Chaotic Metal', 4),
(5, 'Fanged Metal', 5),
(6, 'Swing Jazz', 6),
(7, 'Puffer Electro', 7),
(8, 'Woodpecker Electro', 8),
(9, 'Shockstar Disco', 9),
(10, 'Freedom Blues', 10),
(11, 'Hormone Punk', 11),
(12, 'Soul Rock', 12),
(13, 'Inferno Metal', 13),
(14, 'Thunder Metal', 14),
(15, 'Polar Metal', 15),
(16, 'Shadow Harmony', 16),
(17, 'Phaethon\'s Melody', 17);

-- --------------------------------------------------------

--
-- Estrutura da tabela `element`
--

CREATE TABLE `element` (
  `id` int(11) NOT NULL,
  `name` varchar(255) DEFAULT NULL
) ENGINE=InnoDB DEFAULT CHARSET=utf8mb4 COLLATE=utf8mb4_general_ci;

--
-- Extraindo dados da tabela `element`
--

INSERT INTO `element` (`id`, `name`) VALUES
(1, 'Physical'),
(2, 'Eletric'),
(3, 'Fire'),
(4, 'Ice'),
(5, 'Ether'),
(6, 'Frost');

-- --------------------------------------------------------

--
-- Estrutura da tabela `faction`
--

CREATE TABLE `faction` (
  `id` int(11) NOT NULL,
  `name` varchar(255) DEFAULT NULL
) ENGINE=InnoDB DEFAULT CHARSET=utf8mb4 COLLATE=utf8mb4_general_ci;

--
-- Extraindo dados da tabela `faction`
--

INSERT INTO `faction` (`id`, `name`) VALUES
(1, 'Cunning Hares'),
(2, 'Belobog Heavy Industries'),
(3, 'Victoria Housekeeping Co.'),
(4, 'Obol Squad'),
(5, 'Criminal Investigation Special Response Team'),
(6, 'Sons of Calydon'),
(7, 'Hollow Special Operations Section 6'),
(8, 'Stars of Lyra'),
(9, 'Defense Force - Silver Squad');

-- --------------------------------------------------------

--
-- Estrutura da tabela `passivestat`
--

CREATE TABLE `passivestat` (
  `id` int(11) NOT NULL,
  `statname_id` int(11) DEFAULT NULL,
  `value` float DEFAULT NULL
) ENGINE=InnoDB DEFAULT CHARSET=utf8mb4 COLLATE=utf8mb4_general_ci;

--
-- Extraindo dados da tabela `passivestat`
--

INSERT INTO `passivestat` (`id`, `statname_id`, `value`) VALUES
(1, 8, 16),
(2, 4, 10),
(3, 9, 30),
(4, 22, 10),
(5, 18, 10),
(6, 17, 20),
(7, 13, 8),
(8, 7, 8),
(9, 15, 8),
(10, 9, 30),
(11, 4, 10),
(12, 6, 16),
(13, 20, 10),
(14, 19, 10),
(15, 21, 10),
(16, 19, 0),
(17, 11, 8);

-- --------------------------------------------------------

--
-- Estrutura da tabela `possiblepositionstat`
--

CREATE TABLE `possiblepositionstat` (
  `id` int(11) NOT NULL,
  `position` int(11) DEFAULT NULL,
  `statname_id` int(11) DEFAULT NULL
) ENGINE=InnoDB DEFAULT CHARSET=utf8mb4 COLLATE=utf8mb4_general_ci;

--
-- Extraindo dados da tabela `possiblepositionstat`
--

INSERT INTO `possiblepositionstat` (`id`, `position`, `statname_id`) VALUES
(1, 1, 1),
(2, 2, 3),
(3, 3, 5),
(4, 4, 2),
(5, 4, 4),
(6, 4, 6),
(7, 4, 7),
(8, 4, 8),
(9, 4, 9),
(10, 5, 2),
(11, 5, 4),
(12, 5, 6),
(13, 5, 13),
(14, 5, 18),
(15, 5, 19),
(16, 5, 20),
(17, 5, 21),
(18, 5, 22),
(19, 6, 2),
(20, 6, 4),
(21, 6, 6),
(22, 6, 11),
(23, 6, 15),
(24, 6, 17);

-- --------------------------------------------------------

--
-- Estrutura da tabela `possiblesubstat`
--

CREATE TABLE `possiblesubstat` (
  `id` int(11) NOT NULL,
  `statname_id` int(11) DEFAULT NULL
) ENGINE=InnoDB DEFAULT CHARSET=utf8mb4 COLLATE=utf8mb4_general_ci;

--
-- Extraindo dados da tabela `possiblesubstat`
--

INSERT INTO `possiblesubstat` (`id`, `statname_id`) VALUES
(1, 1),
(2, 2),
(3, 3),
(4, 4),
(5, 5),
(6, 6),
(7, 7),
(8, 8),
(9, 9),
(10, 12);

-- --------------------------------------------------------

--
-- Estrutura da tabela `type`
--

CREATE TABLE `type` (
  `id` int(11) NOT NULL,
  `name` varchar(255) DEFAULT NULL
) ENGINE=InnoDB DEFAULT CHARSET=utf8mb4 COLLATE=utf8mb4_general_ci;

--
-- Extraindo dados da tabela `type`
--

INSERT INTO `type` (`id`, `name`) VALUES
(1, 'Anomaly'),
(2, 'Attacker'),
(3, 'Support'),
(4, 'Defense'),
(5, 'Stunner');

-- --------------------------------------------------------

--
-- Estrutura da tabela `wengine`
--

CREATE TABLE `wengine` (
  `id` int(11) NOT NULL,
  `name` varchar(255) DEFAULT NULL,
  `tier` enum('B','A','S') DEFAULT NULL,
  `type_id` int(11) DEFAULT NULL,
  `stat_id` int(11) DEFAULT NULL,
  `substat_id` int(11) DEFAULT NULL
) ENGINE=InnoDB DEFAULT CHARSET=utf8mb4 COLLATE=utf8mb4_general_ci;

--
-- Extraindo dados da tabela `wengine`
--

INSERT INTO `wengine` (`id`, `name`, `tier`, `type_id`, `stat_id`, `substat_id`) VALUES
(1, 'Hailstorm Shrine', 'S', 1, 1, 1),
(2, 'Deep Sea Visitor', 'S', 2, 2, 2),
(3, '[Lunar] Noviluna', 'B', 2, 3, 3),
(4, 'Bashful Demon', 'A', 3, 4, 4),
(5, 'Elegant Vanity', 'S', 3, 5, 5),
(6, 'Rainforest Gourmet', 'A', 1, 6, 6),
(7, 'Tusks of Fury', 'S', 4, 7, 7),
(8, 'Peacekeeper - Specialized', 'A', 4, 8, 8),
(9, 'Precious Fossilized Core', 'A', 5, 9, 9),
(10, 'Demara Battery Mark II', 'A', 5, 10, 10),
(11, 'Ice-Jade Teapot', 'S', 5, 11, 11),
(12, 'Unfettered Game Ball', 'A', 3, 12, 12),
(13, 'Kaboom the Cannon', 'A', 5, 13, 13),
(14, 'Flamemaker Shaker', 'S', 1, 14, 14),
(15, 'Fusion Compiler', 'S', 1, 15, 15),
(16, 'Sharpened Stinger', 'S', 1, 16, 16),
(17, 'Timeweaver', 'S', 1, 17, 17),
(18, 'Electro-Lip Gloss', 'A', 1, 18, 18),
(19, 'Roaring Ride', 'A', 1, 19, 19),
(20, 'Weeping Gemini', 'A', 1, 20, 20),
(21, '[Magnetic Storm] Alpha', 'B', 1, 21, 21),
(22, '[Magnetic Storm] Bravo', 'B', 1, 22, 22),
(23, '[Magnetic Storm] Charlie', 'B', 1, 23, 23),
(24, 'Gilded Blossom', 'A', 2, 24, 24),
(25, 'Housekeeper', 'A', 1, 25, 25),
(26, 'Marcato Desire', 'A', 2, 26, 26),
(28, 'Starlight Engine', 'A', 2, 27, 27),
(29, 'Starlight Engine Replica', 'A', 2, 28, 28),
(30, 'Street Superstar', 'A', 2, 29, 29),
(31, '[Lunar] Decrescent', 'B', 2, 30, 30),
(32, '[Lunar] Pleniluna', 'B', 2, 31, 31),
(33, 'Riot Suppressor Mark VI', 'S', 2, 32, 32),
(34, 'Steel Cushion', 'S', 2, 33, 33),
(35, 'The Brimstone', 'S', 2, 34, 34),
(36, 'Zanshin Herb Case', 'S', 2, 35, 35),
(37, 'Cannon Rotor', 'A', 2, 36, 36),
(38, 'Drill Rig - Red Axis', 'A', 2, 37, 37),
(39, 'Big Cylinder', 'A', 4, 38, 38),
(40, 'Bunny Band', 'A', 4, 39, 39),
(41, 'Original Transmorpher', 'A', 4, 40, 40),
(42, 'Spring Embrace', 'A', 4, 41, 41),
(43, '[Identity] Base', 'B', 4, 42, 42),
(44, '[Identity] Inflection', 'B', 4, 43, 43),
(46, 'Hellfire Gears', 'S', 5, 45, 45),
(47, 'The Restrained', 'S', 5, 46, 46),
(48, 'Six Shooter', 'S', 5, 47, 47),
(49, 'Steam Oven', 'S', 5, 48, 48),
(50, '[Vortex] Arrow', 'B', 5, 49, 49),
(51, '[Vortex] Hatchet', 'B', 5, 50, 50),
(52, '[Vortex] Revolver', 'B', 5, 51, 51),
(53, 'Blazing Laurel', 'S', 5, 52, 52),
(54, 'Weeping Cradle', 'S', 3, 53, 53),
(55, 'Slice of Time', 'A', 3, 54, 54),
(56, 'The Vault', 'A', 3, 55, 55),
(57, '[Reverb] Mark I', 'B', 3, 56, 56),
(58, '[Reverb] Mark II', 'B', 3, 57, 57),
(59, '[Reverb] Mark III', 'B', 3, 58, 58),
(60, 'Heartstring Nocturne', 'S', 2, 59, 59),
(61, 'Box Cutter', 'A', 5, 60, 60),
(62, 'Spectral Gaze', 'S', 5, 61, 61),
(63, 'Severed Innocence', 'S', 2, 62, 62);

-- --------------------------------------------------------

--
-- Estrutura da tabela `wenginemainstats`
--

CREATE TABLE `wenginemainstats` (
  `id` int(11) NOT NULL,
  `statname_id` int(11) DEFAULT NULL,
  `value` float DEFAULT NULL
) ENGINE=InnoDB DEFAULT CHARSET=utf8mb4 COLLATE=utf8mb4_general_ci;

--
-- Extraindo dados da tabela `wenginemainstats`
--

INSERT INTO `wenginemainstats` (`id`, `statname_id`, `value`) VALUES
(1, 3, 743),
(2, 3, 713),
(3, 3, 475),
(4, 3, 624),
(5, 3, 713),
(6, 3, 594),
(7, 3, 713),
(8, 3, 624),
(9, 3, 594),
(10, 3, 624),
(11, 3, 713),
(12, 3, 594),
(13, 3, 624),
(14, 3, 713),
(15, 3, 684),
(16, 3, 713),
(17, 3, 713),
(18, 3, 594),
(19, 3, 624),
(20, 3, 594),
(21, 3, 475),
(22, 3, 475),
(23, 3, 475),
(24, 3, 594),
(25, 3, 624),
(26, 3, 594),
(27, 3, 594),
(28, 3, 624),
(29, 3, 594),
(30, 3, 475),
(31, 3, 475),
(32, 3, 713),
(33, 3, 684),
(34, 3, 684),
(35, 3, 713),
(36, 3, 594),
(37, 3, 624),
(38, 3, 624),
(39, 3, 594),
(40, 3, 594),
(41, 3, 594),
(42, 3, 475),
(43, 3, 475),
(45, 3, 684),
(46, 3, 684),
(47, 3, 594),
(48, 3, 594),
(49, 3, 475),
(50, 3, 475),
(51, 3, 475),
(52, 3, 713),
(53, 3, 676),
(54, 3, 594),
(55, 3, 624),
(56, 3, 475),
(57, 3, 475),
(58, 3, 475),
(59, 3, 713),
(60, 3, 624),
(61, 3, 713),
(62, 3, 743);

-- --------------------------------------------------------

--
-- Estrutura da tabela `wenginesubstats`
--

CREATE TABLE `wenginesubstats` (
  `id` int(11) NOT NULL,
  `statname_id` int(11) DEFAULT NULL,
  `value` float DEFAULT NULL
) ENGINE=InnoDB DEFAULT CHARSET=utf8mb4 COLLATE=utf8mb4_general_ci;

--
-- Extraindo dados da tabela `wenginesubstats`
--

INSERT INTO `wenginesubstats` (`id`, `statname_id`, `value`) VALUES
(1, 7, 24),
(2, 7, 24),
(3, 7, 16),
(4, 4, 25),
(5, 4, 30),
(6, 9, 75),
(7, 15, 18),
(8, 4, 25),
(9, 15, 15),
(10, 15, 15),
(11, 15, 18),
(12, 17, 50),
(13, 17, 50),
(14, 4, 30),
(15, 13, 24),
(16, 9, 90),
(17, 4, 30),
(18, 9, 75),
(19, 4, 25),
(20, 4, 25),
(21, 4, 20),
(22, 9, 60),
(23, 13, 16),
(24, 4, 25),
(25, 4, 25),
(26, 7, 20),
(27, 4, 25),
(28, 4, 25),
(29, 4, 25),
(30, 4, 20),
(31, 4, 20),
(32, 8, 48),
(33, 7, 24),
(34, 4, 30),
(35, 8, 48),
(36, 7, 20),
(37, 17, 50),
(38, 6, 40),
(39, 6, 40),
(40, 2, 25),
(41, 4, 25),
(42, 6, 32),
(43, 6, 32),
(45, 15, 18),
(46, 15, 18),
(47, 15, 15),
(48, 17, 50),
(49, 15, 12),
(50, 17, 40),
(51, 4, 20),
(52, 15, 18),
(53, 13, 24),
(54, 13, 20),
(55, 17, 50),
(56, 4, 20),
(57, 17, 40),
(58, 2, 20),
(59, 7, 24),
(60, 15, 15),
(61, 7, 24),
(62, 8, 48);

-- --------------------------------------------------------

--
-- Estrutura da tabela `wengine_agent`
--

CREATE TABLE `wengine_agent` (
  `id` int(11) NOT NULL,
  `wengine_id` int(11) DEFAULT NULL,
  `agent_id` int(11) DEFAULT NULL
) ENGINE=InnoDB DEFAULT CHARSET=utf8mb4 COLLATE=utf8mb4_general_ci;

--
-- Extraindo dados da tabela `wengine_agent`
--

INSERT INTO `wengine_agent` (`id`, `wengine_id`, `agent_id`) VALUES
(1, 1, 1),
(3, 2, 5),
(4, 4, 27),
(5, 5, 4),
(6, 11, 23),
(7, 10, 3),
(8, 8, 25),
(9, 7, 15),
(10, 13, 8),
(11, 39, 6),
(12, 19, 22),
(13, 29, 13),
(14, 25, 16),
(15, 56, 2),
(16, 60, 31),
(17, 47, 20),
(18, 53, 19),
(19, 46, 18),
(20, 54, 24),
(21, 36, 30),
(22, 33, 29),
(23, 35, 26),
(24, 34, 21),
(25, 17, 28),
(26, 15, 17),
(27, 14, 14),
(28, 16, 7),
(30, 61, 34),
(31, 62, 35),
(32, 63, 33);

-- --------------------------------------------------------

--
-- Estrutura para vista `agents`
--
DROP TABLE IF EXISTS `agents`;

CREATE ALGORITHM=UNDEFINED DEFINER=`` SQL SECURITY DEFINER VIEW `agents`  AS SELECT `agentinfo`.`id` AS `id`, `agentinfo`.`name` AS `name`, `agentinfo`.`nickname` AS `nickname`, `agentinfo`.`tier` AS `tier`, `faction`.`name` AS `faction`, `element`.`name` AS `element`, `type`.`name` AS `type`, `agents_stats_per_level`.`promotion_level` AS `promotion_level`, `agents_stats_per_level`.`agent_level` AS `agent_level`, `agentstats`.`health_point` AS `health_point`, `agentstats`.`attack` AS `attack`, `agentstats`.`defense` AS `defense`, `agentstats`.`impact` AS `impact`, `agentstats`.`crit_rate` AS `crit_rate`, `agentstats`.`crit_damage` AS `crit_damage`, `agentstats`.`anomaly_mastery` AS `anomaly_mastery`, `agentstats`.`anomaly_proficiency` AS `anomaly_proficiency`, `agentstats`.`penetration_ratio` AS `penetration_ratio`, `agentstats`.`penetration` AS `penetration`, `agentstats`.`energy_regen` AS `energy_regen` FROM (((((`agents_stats_per_level` join `agentstats` on(`agentstats`.`id` = `agents_stats_per_level`.`stats_id`)) join `agentinfo` on(`agents_stats_per_level`.`agent_id` = `agentinfo`.`id`)) join `faction` on(`agentinfo`.`faction_id` = `faction`.`id`)) join `element` on(`agentinfo`.`element_id` = `element`.`id`)) join `type` on(`agentinfo`.`type_id` = `type`.`id`)) ORDER BY `agentinfo`.`tier` ASC ;

--
-- Índices para tabelas despejadas
--

--
-- Índices para tabela `agentinfo`
--
ALTER TABLE `agentinfo`
  ADD PRIMARY KEY (`id`),
  ADD KEY `faction_id` (`faction_id`),
  ADD KEY `element_id` (`element_id`),
  ADD KEY `type_id` (`type_id`);

--
-- Índices para tabela `agentstats`
--
ALTER TABLE `agentstats`
  ADD PRIMARY KEY (`id`);

--
-- Índices para tabela `agents_stats_per_level`
--
ALTER TABLE `agents_stats_per_level`
  ADD PRIMARY KEY (`id`),
  ADD KEY `stats_id` (`stats_id`),
  ADD KEY `agent_id` (`agent_id`);

--
-- Índices para tabela `agent_core_constant_stat`
--
ALTER TABLE `agent_core_constant_stat`
  ADD KEY `agent_id` (`agent_id`),
  ADD KEY `constant_stat_id` (`constant_stat_id`);

--
-- Índices para tabela `basestatsname`
--
ALTER TABLE `basestatsname`
  ADD PRIMARY KEY (`id`);

--
-- Índices para tabela `colors`
--
ALTER TABLE `colors`
  ADD PRIMARY KEY (`id`);

--
-- Índices para tabela `constantmainstat`
--
ALTER TABLE `constantmainstat`
  ADD PRIMARY KEY (`id`),
  ADD KEY `statname_id` (`statname_id`);

--
-- Índices para tabela `constantsubstat`
--
ALTER TABLE `constantsubstat`
  ADD PRIMARY KEY (`id`),
  ADD KEY `statname_id` (`statname_id`);

--
-- Índices para tabela `constant_core_stat`
--
ALTER TABLE `constant_core_stat`
  ADD PRIMARY KEY (`id`),
  ADD KEY `stat_id` (`stat_id`);

--
-- Índices para tabela `discs`
--
ALTER TABLE `discs`
  ADD PRIMARY KEY (`id`),
  ADD KEY `passive_stat_id` (`passive_stat_id`);

--
-- Índices para tabela `element`
--
ALTER TABLE `element`
  ADD PRIMARY KEY (`id`);

--
-- Índices para tabela `faction`
--
ALTER TABLE `faction`
  ADD PRIMARY KEY (`id`);

--
-- Índices para tabela `passivestat`
--
ALTER TABLE `passivestat`
  ADD PRIMARY KEY (`id`),
  ADD KEY `statname_id` (`statname_id`);

--
-- Índices para tabela `possiblepositionstat`
--
ALTER TABLE `possiblepositionstat`
  ADD PRIMARY KEY (`id`),
  ADD KEY `statname_id` (`statname_id`);

--
-- Índices para tabela `possiblesubstat`
--
ALTER TABLE `possiblesubstat`
  ADD PRIMARY KEY (`id`),
  ADD KEY `statname_id` (`statname_id`);

--
-- Índices para tabela `type`
--
ALTER TABLE `type`
  ADD PRIMARY KEY (`id`);

--
-- Índices para tabela `wengine`
--
ALTER TABLE `wengine`
  ADD PRIMARY KEY (`id`),
  ADD KEY `type_id` (`type_id`),
  ADD KEY `stat_id` (`stat_id`),
  ADD KEY `substat_id` (`substat_id`);

--
-- Índices para tabela `wenginemainstats`
--
ALTER TABLE `wenginemainstats`
  ADD PRIMARY KEY (`id`),
  ADD KEY `statname_id` (`statname_id`);

--
-- Índices para tabela `wenginesubstats`
--
ALTER TABLE `wenginesubstats`
  ADD PRIMARY KEY (`id`),
  ADD KEY `statname_id` (`statname_id`);

--
-- Índices para tabela `wengine_agent`
--
ALTER TABLE `wengine_agent`
  ADD PRIMARY KEY (`id`),
  ADD KEY `wengine_id` (`wengine_id`),
  ADD KEY `agent_id` (`agent_id`);

--
-- AUTO_INCREMENT de tabelas despejadas
--

--
-- AUTO_INCREMENT de tabela `agentinfo`
--
ALTER TABLE `agentinfo`
  MODIFY `id` int(11) NOT NULL AUTO_INCREMENT, AUTO_INCREMENT=36;

--
-- AUTO_INCREMENT de tabela `agentstats`
--
ALTER TABLE `agentstats`
  MODIFY `id` int(11) NOT NULL AUTO_INCREMENT, AUTO_INCREMENT=464;

--
-- AUTO_INCREMENT de tabela `agents_stats_per_level`
--
ALTER TABLE `agents_stats_per_level`
  MODIFY `id` int(11) NOT NULL AUTO_INCREMENT, AUTO_INCREMENT=1621;

--
-- AUTO_INCREMENT de tabela `basestatsname`
--
ALTER TABLE `basestatsname`
  MODIFY `id` int(11) NOT NULL AUTO_INCREMENT, AUTO_INCREMENT=23;

--
-- AUTO_INCREMENT de tabela `colors`
--
ALTER TABLE `colors`
  MODIFY `id` int(11) NOT NULL AUTO_INCREMENT, AUTO_INCREMENT=10;

--
-- AUTO_INCREMENT de tabela `constantmainstat`
--
ALTER TABLE `constantmainstat`
  MODIFY `id` int(11) NOT NULL AUTO_INCREMENT, AUTO_INCREMENT=19;

--
-- AUTO_INCREMENT de tabela `constantsubstat`
--
ALTER TABLE `constantsubstat`
  MODIFY `id` int(11) NOT NULL AUTO_INCREMENT, AUTO_INCREMENT=11;

--
-- AUTO_INCREMENT de tabela `constant_core_stat`
--
ALTER TABLE `constant_core_stat`
  MODIFY `id` int(11) NOT NULL AUTO_INCREMENT, AUTO_INCREMENT=8;

--
-- AUTO_INCREMENT de tabela `discs`
--
ALTER TABLE `discs`
  MODIFY `id` int(11) NOT NULL AUTO_INCREMENT, AUTO_INCREMENT=18;

--
-- AUTO_INCREMENT de tabela `element`
--
ALTER TABLE `element`
  MODIFY `id` int(11) NOT NULL AUTO_INCREMENT, AUTO_INCREMENT=7;

--
-- AUTO_INCREMENT de tabela `faction`
--
ALTER TABLE `faction`
  MODIFY `id` int(11) NOT NULL AUTO_INCREMENT, AUTO_INCREMENT=10;

--
-- AUTO_INCREMENT de tabela `passivestat`
--
ALTER TABLE `passivestat`
  MODIFY `id` int(11) NOT NULL AUTO_INCREMENT, AUTO_INCREMENT=18;

--
-- AUTO_INCREMENT de tabela `possiblepositionstat`
--
ALTER TABLE `possiblepositionstat`
  MODIFY `id` int(11) NOT NULL AUTO_INCREMENT, AUTO_INCREMENT=25;

--
-- AUTO_INCREMENT de tabela `possiblesubstat`
--
ALTER TABLE `possiblesubstat`
  MODIFY `id` int(11) NOT NULL AUTO_INCREMENT, AUTO_INCREMENT=11;

--
-- AUTO_INCREMENT de tabela `type`
--
ALTER TABLE `type`
  MODIFY `id` int(11) NOT NULL AUTO_INCREMENT, AUTO_INCREMENT=6;

--
-- AUTO_INCREMENT de tabela `wengine`
--
ALTER TABLE `wengine`
  MODIFY `id` int(11) NOT NULL AUTO_INCREMENT, AUTO_INCREMENT=64;

--
-- AUTO_INCREMENT de tabela `wenginemainstats`
--
ALTER TABLE `wenginemainstats`
  MODIFY `id` int(11) NOT NULL AUTO_INCREMENT, AUTO_INCREMENT=63;

--
-- AUTO_INCREMENT de tabela `wenginesubstats`
--
ALTER TABLE `wenginesubstats`
  MODIFY `id` int(11) NOT NULL AUTO_INCREMENT, AUTO_INCREMENT=63;

--
-- AUTO_INCREMENT de tabela `wengine_agent`
--
ALTER TABLE `wengine_agent`
  MODIFY `id` int(11) NOT NULL AUTO_INCREMENT, AUTO_INCREMENT=33;

--
-- Restrições para despejos de tabelas
--

--
-- Limitadores para a tabela `agentinfo`
--
ALTER TABLE `agentinfo`
  ADD CONSTRAINT `agentinfo_ibfk_1` FOREIGN KEY (`faction_id`) REFERENCES `faction` (`id`) ON DELETE CASCADE,
  ADD CONSTRAINT `agentinfo_ibfk_2` FOREIGN KEY (`element_id`) REFERENCES `element` (`id`) ON DELETE CASCADE,
  ADD CONSTRAINT `agentinfo_ibfk_3` FOREIGN KEY (`type_id`) REFERENCES `type` (`id`) ON DELETE CASCADE;

--
-- Limitadores para a tabela `agents_stats_per_level`
--
ALTER TABLE `agents_stats_per_level`
  ADD CONSTRAINT `agents_stats_per_level_ibfk_1` FOREIGN KEY (`stats_id`) REFERENCES `agentstats` (`id`),
  ADD CONSTRAINT `agents_stats_per_level_ibfk_2` FOREIGN KEY (`agent_id`) REFERENCES `agentinfo` (`id`);

--
-- Limitadores para a tabela `agent_core_constant_stat`
--
ALTER TABLE `agent_core_constant_stat`
  ADD CONSTRAINT `agent_core_constant_stat_ibfk_1` FOREIGN KEY (`agent_id`) REFERENCES `agentinfo` (`id`) ON DELETE CASCADE,
  ADD CONSTRAINT `agent_core_constant_stat_ibfk_2` FOREIGN KEY (`constant_stat_id`) REFERENCES `constant_core_stat` (`id`) ON DELETE CASCADE;

--
-- Limitadores para a tabela `constantmainstat`
--
ALTER TABLE `constantmainstat`
  ADD CONSTRAINT `constantmainstat_ibfk_1` FOREIGN KEY (`statname_id`) REFERENCES `basestatsname` (`id`) ON DELETE CASCADE;

--
-- Limitadores para a tabela `constantsubstat`
--
ALTER TABLE `constantsubstat`
  ADD CONSTRAINT `constantsubstat_ibfk_1` FOREIGN KEY (`statname_id`) REFERENCES `basestatsname` (`id`) ON DELETE CASCADE;

--
-- Limitadores para a tabela `constant_core_stat`
--
ALTER TABLE `constant_core_stat`
  ADD CONSTRAINT `constant_core_stat_ibfk_1` FOREIGN KEY (`stat_id`) REFERENCES `basestatsname` (`id`) ON DELETE CASCADE;

--
-- Limitadores para a tabela `discs`
--
ALTER TABLE `discs`
  ADD CONSTRAINT `discs_ibfk_1` FOREIGN KEY (`passive_stat_id`) REFERENCES `passivestat` (`id`) ON DELETE CASCADE;

--
-- Limitadores para a tabela `passivestat`
--
ALTER TABLE `passivestat`
  ADD CONSTRAINT `passivestat_ibfk_1` FOREIGN KEY (`statname_id`) REFERENCES `basestatsname` (`id`) ON DELETE CASCADE;

--
-- Limitadores para a tabela `possiblepositionstat`
--
ALTER TABLE `possiblepositionstat`
  ADD CONSTRAINT `possiblepositionstat_ibfk_1` FOREIGN KEY (`statname_id`) REFERENCES `basestatsname` (`id`) ON DELETE CASCADE;

--
-- Limitadores para a tabela `possiblesubstat`
--
ALTER TABLE `possiblesubstat`
  ADD CONSTRAINT `possiblesubstat_ibfk_1` FOREIGN KEY (`statname_id`) REFERENCES `basestatsname` (`id`) ON DELETE CASCADE;

--
-- Limitadores para a tabela `wengine`
--
ALTER TABLE `wengine`
  ADD CONSTRAINT `wengine_ibfk_1` FOREIGN KEY (`type_id`) REFERENCES `type` (`id`) ON DELETE CASCADE,
  ADD CONSTRAINT `wengine_ibfk_2` FOREIGN KEY (`stat_id`) REFERENCES `wenginemainstats` (`id`) ON DELETE CASCADE,
  ADD CONSTRAINT `wengine_ibfk_3` FOREIGN KEY (`substat_id`) REFERENCES `wenginesubstats` (`id`) ON DELETE CASCADE;

--
-- Limitadores para a tabela `wenginemainstats`
--
ALTER TABLE `wenginemainstats`
  ADD CONSTRAINT `wenginemainstats_ibfk_1` FOREIGN KEY (`statname_id`) REFERENCES `basestatsname` (`id`) ON DELETE CASCADE;

--
-- Limitadores para a tabela `wenginesubstats`
--
ALTER TABLE `wenginesubstats`
  ADD CONSTRAINT `wenginesubstats_ibfk_1` FOREIGN KEY (`statname_id`) REFERENCES `basestatsname` (`id`) ON DELETE CASCADE;

--
-- Limitadores para a tabela `wengine_agent`
--
ALTER TABLE `wengine_agent`
  ADD CONSTRAINT `wengine_agent_ibfk_1` FOREIGN KEY (`wengine_id`) REFERENCES `wengine` (`id`) ON DELETE CASCADE,
  ADD CONSTRAINT `wengine_agent_ibfk_2` FOREIGN KEY (`agent_id`) REFERENCES `agentinfo` (`id`) ON DELETE CASCADE;
COMMIT;

/*!40101 SET CHARACTER_SET_CLIENT=@OLD_CHARACTER_SET_CLIENT */;
/*!40101 SET CHARACTER_SET_RESULTS=@OLD_CHARACTER_SET_RESULTS */;
/*!40101 SET COLLATION_CONNECTION=@OLD_COLLATION_CONNECTION */;

CREATE VIEW discs_info AS
SELECT discs.id, discs.name AS disc_name, basestatsname.name AS stat_name, passivestat.value AS value, basestatsname.type AS type
FROM discs
INNER JOIN passivestat
ON discs.passive_stat_id = passivestat.id
INNER JOIN basestatsname
ON passivestat.statname_id = basestatsname.id;

CREATE VIEW possible_stats AS
SELECT possiblepositionstat.id, possiblepositionstat.position, basestatsname.name, basestatsname.type, constantmainstat.value
FROM possiblepositionstat
INNER JOIN basestatsname
ON basestatsname.id = possiblepositionstat.statname_id
INNER JOIN constantmainstat
ON constantmainstat.statname_id = basestatsname.id;

CREATE VIEW possible_sub_stats AS
SELECT possiblesubstat.id, basestatsname.name, basestatsname.type
FROM possiblesubstat
INNER JOIN basestatsname
ON basestatsname.id = possiblesubstat.statname_id;

CREATE VIEW constant_sub_stats AS
SELECT constantsubstat.id, basestatsname.name, basestatsname.type, constantsubstat.value
FROM constantsubstat
INNER JOIN basestatsname
ON basestatsname.id = constantsubstat.statname_id;

CREATE VIEW wengine_agent_info AS
SELECT wengine.id, wengine.name, wengine.tier, agentinfo.name AS agent_name, agentinfo.nickname AS agent_nickname, type.name AS type, mainstatsname.name AS main_stat_name, wenginemainstats.value AS main_stat_value, mainstatsname.type AS main_stat_type, substatsname.name AS sub_stat_name, wenginesubstats.value AS sub_stat_value, substatsname.type AS sub_stat_type
FROM wengine
INNER JOIN wengine_agent
ON wengine_agent.wengine_id = wengine.id
INNER JOIN agentinfo
ON wengine_agent.agent_id = agentinfo.id
INNER JOIN type
ON wengine.type_id = type.id
INNER JOIN wenginemainstats
ON wengine.stat_id = wenginemainstats.id
INNER JOIN wenginesubstats
ON wengine.substat_id = wenginesubstats.id
INNER JOIN basestatsname AS mainstatsname
ON wenginemainstats.statname_id = mainstatsname.id
INNER JOIN basestatsname AS substatsname
ON wenginesubstats.statname_id = substatsname.id
ORDER BY wengine.tier;

CREATE VIEW wengine_info AS
SELECT wengine.id, wengine.name, wengine.tier, type.name AS type, mainstatsname.name AS main_stat_name, wenginemainstats.value AS main_stat_value, mainstatsname.type AS main_stat_type, substatsname.name AS sub_stat_name, wenginesubstats.value AS sub_stat_value, substatsname.type AS sub_stat_type
FROM wengine
INNER JOIN type
ON wengine.type_id = type.id
INNER JOIN wenginemainstats
ON wengine.stat_id = wenginemainstats.id
INNER JOIN wenginesubstats
ON wengine.substat_id = wenginesubstats.id
INNER JOIN basestatsname AS mainstatsname
ON wenginemainstats.statname_id = mainstatsname.id
INNER JOIN basestatsname AS substatsname
ON wenginesubstats.statname_id = substatsname.id
ORDER BY wengine.tier;


CREATE VIEW agents AS
SELECT agentinfo.id,
	agentinfo.name, agentinfo.nickname,
	agentinfo.tier, faction.name AS 'faction',
    element.name AS 'element',
    type.name AS 'type',
    agents_stats_per_level.promotion_level,
    agents_stats_per_level.agent_level,
    agentstats.health_point,
    agentstats.attack,
    agentstats.defense,
    agentstats.impact,
    agentstats.crit_rate,
    agentstats.crit_damage,
    agentstats.anomaly_mastery,
    agentstats.anomaly_proficiency,
    agentstats.penetration_ratio,
    agentstats.penetration,
    agentstats.energy_regen
FROM agents_stats_per_level
INNER JOIN agentstats
ON agentstats.id = agents_stats_per_level.stats_id
INNER JOIN agentinfo
ON agents_stats_per_level.agent_id = agentinfo.id
INNER JOIN faction
ON agentinfo.faction_id = faction.id
INNER JOIN element
ON agentinfo.element_id = element.id
INNER JOIN type
ON agentinfo.type_id = type.id
ORDER BY agentinfo.tier;

CREATE VIEW agent_core_stats AS
SELECT agentinfo.id, agentinfo.name, agentinfo.nickname, basestatsname.id AS 'stat_id', basestatsname.name AS 'stat_name', basestatsname.type AS 'stat_type', constant_core_stat.value AS 'stat_value'
FROM `agent_core_constant_stat`
INNER JOIN agentinfo
ON agentinfo.id = agent_core_constant_stat.agent_id
INNER JOIN constant_core_stat
ON constant_core_stat.id = agent_core_constant_stat.constant_stat_id
INNER JOIN basestatsname
ON constant_core_stat.stat_id = basestatsname.id;